Post_ID,Post
1,"I really love this product, it is amazing!"
2,Great service and very helpful staff.
3,This is an excellent update. Thank you!
4,I am very happy with the support I received.
5,"Amazing experience, I would recommend this to everyone."
6,The event was wonderful and well organized.
7,Very useful information. I learned a lot.
8,Fantastic work by the team!
9,I am satisfied with the service.
10,"This product is okay, nothing special."
11,The experience was average.
12,It is fine but could be better.
13,I don't like this product at all.
14,Very poor service and disappointing experience.
15,The update is terrible and confusing.
16,I am unhappy with the support.
17,This was a bad experience.
18,The product stopped working and I am frustrated.
19,"Excellent work, keep it up!"
20,Really good service and fast response.
